"vote","black","hisp","pid7","income","age","educ_attain"
1,0,0,7,13,29,2
1,0,0,6,17,26,4
0,1,0,1,22,58,1
1,0,0,4,28,56,2
0,0,0,3,14,86,3
1,0,0,2,14,67,3
0,0,0,1,10,62,5
0,0,1,1,27,46,5
1,0,0,7,16,70,4
0,0,0,1,26,30,5
1,0,0,6,3,32,3
1,0,0,5,13,61,1
0,0,0,3,17,73,5
1,0,0,7,24,64,4
1,0,0,5,17,69,4
0,0,0,2,6,67,5
1,0,0,7,21,54,3
1,0,1,3,5,48,1
0,1,0,2,21,26,3
1,0,0,7,9,25,3
0,1,0,1,19,46,4
1,0,0,7,14,59,3
1,0,0,5,14,39,3
0,0,0,2,26,52,4
1,0,0,5,17,46,3
0,0,0,1,24,45,2
0,0,0,1,22,61,5
1,0,0,6,14,30,3
1,0,0,6,26,55,3
0,0,0,1,27,35,5
0,0,0,3,14,24,3
0,0,1,1,1,61,4
0,0,0,1,19,52,4
0,1,0,1,7,76,3
0,0,0,1,3,47,2
0,0,0,3,5,68,3
0,0,0,1,13,45,3
0,0,1,2,8,50,1
0,1,0,1,18,68,5
0,0,0,1,20,60,3
0,0,1,3,3,36,4
1,0,0,5,23,46,3
0,0,0,3,15,35,3
0,1,0,2,4,78,2
0,0,0,1,11,55,2
0,0,1,1,12,69,4
0,1,0,3,26,55,4
0,0,0,3,12,68,5
1,0,0,5,25,42,5
1,0,0,7,15,82,2
1,0,0,7,24,53,3
1,0,0,7,16,65,4
0,1,0,2,1,42,3
0,0,0,1,24,30,3
1,0,0,5,15,23,4
1,0,0,7,24,31,2
0,0,1,1,6,68,1
1,0,0,6,24,29,3
0,0,0,1,26,36,4
0,0,0,1,24,47,4
0,0,0,1,12,26,4
1,0,0,1,1,83,1
0,0,0,6,17,36,2
1,0,0,5,25,58,3
0,0,1,2,12,30,2
1,0,0,4,11,75,2
1,0,0,5,22,50,2
1,0,0,6,14,27,3
1,0,0,5,1,69,3
1,0,1,7,22,43,3
0,0,1,6,11,34,3
0,0,0,3,24,33,4
1,0,0,6,1,57,3
1,0,1,5,20,38,2
0,0,0,1,1,81,2
0,0,0,3,11,75,2
1,0,0,7,13,74,3
0,0,0,3,25,43,4
1,0,0,7,3,88,3
1,0,0,5,18,57,2
0,0,0,1,16,59,5
0,0,0,1,15,45,4
1,0,0,7,11,30,2
1,0,0,4,1,78,2
0,1,0,1,14,72,4
0,0,0,3,21,36,4
0,0,0,1,2,86,1
0,0,0,1,26,55,4
0,1,0,2,12,68,2
0,0,0,1,12,69,4
1,0,0,5,20,62,3
1,0,1,5,19,55,3
0,0,0,1,20,76,5
0,0,0,1,8,31,4
1,0,0,2,7,52,1
0,0,1,3,19,35,4
0,1,0,1,17,25,2
0,0,0,2,21,52,5
1,0,0,7,23,66,3
0,0,0,2,9,65,3
1,0,0,7,25,45,4
1,0,0,7,12,59,3
0,0,0,1,28,37,5
0,0,0,1,14,66,2
1,0,0,7,13,74,4
0,1,0,1,2,57,2
1,0,0,4,21,27,2
0,0,0,2,16,24,3
1,0,0,3,22,43,4
0,1,0,1,13,42,2
0,1,0,2,1,69,1
1,0,0,6,1,87,2
1,0,0,7,18,56,3
1,0,0,6,1,18,2
0,0,0,1,11,19,2
0,0,0,3,7,67,3
0,0,1,5,8,23,1
0,0,0,1,23,41,4
1,0,0,7,25,49,3
1,0,0,7,7,78,1
1,0,0,5,27,53,4
1,0,0,6,21,63,3
1,0,0,7,25,65,3
1,0,0,6,15,64,4
0,0,0,7,26,24,5
0,1,0,3,9,50,2
1,0,0,5,17,44,4
0,0,0,1,16,76,5
0,0,0,5,2,21,3
1,0,0,7,20,68,2
0,0,0,1,21,35,5
1,0,0,6,22,61,3
0,0,0,2,9,25,4
1,0,0,1,14,67,3
1,0,0,5,23,68,5
1,0,0,5,13,62,3
1,0,0,7,22,69,5
1,0,0,7,13,85,5
1,0,0,7,1,26,4
0,1,0,4,19,50,4
0,0,0,3,28,54,5
0,0,0,4,17,68,5
1,0,0,7,21,70,3
1,0,0,5,2,59,1
0,0,1,6,13,61,2
0,0,1,3,27,20,3
0,0,0,6,23,40,3
0,1,0,1,15,24,4
1,0,0,7,25,47,4
1,0,0,6,25,61,2
0,1,0,1,17,63,1
0,0,1,1,21,51,5
1,0,0,3,24,50,3
0,1,0,4,9,60,3
0,0,1,1,23,63,3
0,0,0,1,14,25,4
1,1,0,2,3,72,4
0,0,0,3,24,60,5
1,0,0,7,23,62,2
1,0,0,7,7,80,2
0,0,0,2,7,22,2
0,1,0,4,13,26,3
1,0,0,1,17,38,2
0,1,0,2,11,19,3
1,0,0,7,24,59,3
1,0,0,7,9,23,3
0,0,1,2,15,26,5
1,0,0,7,17,59,2
0,0,0,2,12,77,1
0,1,0,2,8,28,2
1,0,0,7,22,27,4
1,0,1,6,17,20,2
1,0,0,7,26,40,3
0,1,0,1,9,49,2
1,0,0,7,24,48,3
0,0,0,2,6,24,2
0,0,1,3,19,56,1
0,0,0,1,1,78,2
1,0,0,4,15,24,3
1,0,1,7,13,63,3
0,0,1,3,14,71,4
1,0,0,6,23,30,4
1,0,0,6,19,42,4
0,1,0,2,2,24,1
0,1,0,1,11,25,2
1,0,1,7,25,60,4
1,0,1,7,8,61,3
0,0,0,2,22,48,4
0,0,1,3,21,39,2
0,0,0,3,28,50,4
0,0,0,2,10,36,2
0,0,0,3,14,58,5
0,0,0,3,22,30,5
0,0,0,3,26,52,4
1,0,1,7,25,70,4
1,0,0,5,19,41,3
0,1,0,3,3,23,4
1,0,0,7,17,46,3
0,0,1,1,5,72,3
0,1,0,1,7,59,2
0,0,0,2,5,35,3
0,0,0,3,27,55,4
0,0,0,4,9,28,3
0,0,0,1,13,58,5
1,0,0,7,6,60,3
1,0,0,7,1,57,4
0,1,0,3,2,47,2
0,0,0,3,28,59,4
0,0,0,1,28,48,5
0,0,0,2,14,47,4
1,0,0,7,28,24,3
1,0,0,7,26,45,5
0,0,0,1,27,60,5
1,0,0,7,15,66,1
0,0,0,2,12,30,3
1,0,0,5,1,70,4
0,0,0,2,20,61,5
0,1,0,1,9,40,3
1,0,0,6,27,40,5
1,0,0,6,20,48,3
0,1,0,2,8,59,1
0,0,1,1,14,58,1
0,0,0,3,25,37,5
0,0,0,3,24,36,5
0,0,0,1,15,75,3
1,0,0,7,9,88,2
0,1,0,1,16,50,4
1,0,0,7,13,59,2
1,0,0,6,6,79,2
0,1,0,1,12,76,4
1,0,0,7,28,48,4
0,0,0,1,5,66,3
1,0,0,7,28,54,3
1,0,0,6,8,26,3
1,0,0,5,1,66,4
0,0,1,1,16,42,3
0,0,1,2,13,33,4
1,0,0,6,6,21,1
1,0,0,5,22,47,3
0,0,0,2,20,52,3
0,0,1,3,21,35,4
1,0,0,5,28,55,3
0,0,0,3,14,61,4
0,0,0,4,7,36,3
0,0,0,1,13,72,1
0,0,0,3,3,80,3
0,0,1,1,18,52,3
1,0,1,5,7,21,2
1,0,0,6,4,55,1
0,0,0,2,26,47,5
1,0,0,7,1,85,4
0,0,0,1,1,73,3
0,0,0,3,20,27,3
1,0,0,2,11,41,2
1,0,0,6,24,27,4
1,0,0,7,19,66,5
1,0,0,7,21,51,3
1,0,0,5,24,34,3
1,0,0,7,12,80,4
1,0,0,5,3,26,2
1,0,0,5,12,48,2
1,0,0,5,24,35,4
1,0,0,5,15,76,3
1,0,0,7,19,48,5
0,0,1,1,9,67,4
1,0,0,7,25,27,4
1,0,0,5,25,71,3
0,0,0,2,25,36,5
0,0,0,1,21,35,4
0,0,0,2,12,66,4
1,0,0,7,23,49,4
0,0,1,2,20,68,2
1,0,1,7,12,63,3
0,0,0,1,23,71,5
0,1,0,3,19,55,2
1,0,0,7,22,69,4
0,1,0,3,5,26,3
1,0,0,7,1,66,2
1,0,0,5,17,74,4
0,0,0,3,21,40,4
1,0,0,5,19,49,2
1,0,0,7,22,59,3
0,0,0,2,26,42,5
1,0,0,6,24,71,3
0,0,0,4,3,73,3
1,0,0,7,1,83,2
1,0,0,7,11,40,3
1,0,0,6,9,56,5
0,1,0,2,7,43,4
0,0,0,1,25,46,5
1,0,0,6,20,21,2
1,0,0,7,12,74,3
0,1,0,4,19,61,3
0,1,0,2,15,67,4
0,1,0,3,3,65,2
1,0,0,5,2,66,2
0,0,1,4,27,54,4
0,0,0,1,15,45,3
0,0,1,3,27,40,4
0,0,1,4,1,34,3
1,0,1,7,24,71,5
0,0,0,4,19,34,3
1,0,0,5,13,68,3
1,0,0,5,11,76,2
0,0,0,1,19,69,5
1,0,0,6,15,68,3
1,0,0,7,28,64,4
1,0,0,7,22,52,3
1,0,0,7,26,53,4
1,0,0,5,12,26,4
0,0,0,5,11,37,2
0,0,0,3,25,74,5
1,0,1,6,13,21,3
1,0,0,7,21,42,3
1,0,0,7,23,50,3
1,0,0,7,20,45,3
1,0,0,5,20,60,3
1,0,0,7,24,53,4
0,0,0,2,14,29,4
0,0,0,1,19,53,3
0,1,0,1,11,32,4
1,0,0,7,27,77,4
0,0,0,4,21,26,2
1,0,0,7,13,29,4
1,0,0,5,5,62,3
0,1,0,1,17,50,3
0,0,0,3,23,42,5
1,0,0,7,22,53,4
0,0,0,2,23,65,4
1,0,0,7,21,38,4
1,0,0,6,9,71,4
1,0,0,7,27,51,5
1,0,0,6,22,34,2
1,0,0,7,13,53,3
0,1,0,1,13,56,3
0,1,0,1,9,27,3
0,0,1,1,9,66,3
1,0,0,2,1,70,3
0,0,0,3,20,79,5
0,0,1,1,2,63,1
0,0,1,1,7,54,1
0,0,0,2,12,23,4
0,1,0,1,26,46,3
1,0,1,5,21,33,4
1,0,0,5,7,78,3
0,0,0,1,9,70,2
0,0,0,1,23,55,5
0,0,1,5,19,28,1
1,0,0,7,11,80,3
0,1,0,1,22,60,4
1,0,0,7,26,80,5
1,0,0,5,1,58,3
1,0,0,7,9,23,2
0,0,0,3,21,26,3
0,0,1,1,21,45,3
1,0,0,7,3,29,1
0,0,0,3,7,25,3
0,1,0,1,18,67,3
0,0,0,3,24,36,4
1,0,0,7,1,24,3
1,0,1,6,18,52,3
0,0,0,3,1,23,2
0,1,0,3,7,29,2
0,0,0,3,15,46,3
0,0,1,3,3,68,3
1,0,0,7,22,39,3
0,0,0,2,11,34,4
1,0,0,5,22,65,5
0,1,0,2,7,31,3
1,0,0,7,9,65,3
1,0,0,7,19,45,3
0,0,0,3,19,57,3
0,0,0,3,26,43,4
0,0,0,2,13,26,4
0,0,0,1,26,43,4
0,0,1,1,11,54,1
1,0,0,5,22,45,4
1,0,0,7,20,57,2
0,0,0,1,5,23,3
0,1,0,1,18,60,3
1,0,0,5,5,75,1
0,0,0,2,7,64,4
1,0,0,7,7,49,4
0,0,0,2,26,29,5
1,0,0,5,9,49,3
0,1,0,2,13,39,2
1,0,0,6,7,62,3
0,1,0,1,12,57,3
0,1,0,1,4,24,4
0,1,0,1,7,66,2
0,0,0,1,17,58,3
1,0,0,5,22,59,3
0,1,0,1,26,34,3
1,0,0,5,23,44,4
1,0,0,6,13,24,4
0,1,0,1,25,51,5
1,0,0,5,19,62,3
0,0,0,3,23,36,5
0,0,0,2,9,34,2
0,0,0,1,26,51,5
1,0,0,6,8,53,3
1,0,0,5,25,63,3
0,1,0,2,21,53,1
0,0,0,1,7,38,5
0,0,1,1,22,42,3
1,0,0,4,1,45,2
1,0,0,2,2,41,1
0,0,0,1,27,51,4
1,0,0,7,13,60,4
0,0,0,4,21,85,2
1,0,0,6,12,56,1
0,0,1,2,14,28,5
1,0,0,2,15,52,3
1,0,0,6,3,79,5
0,0,0,1,17,48,4
0,1,0,3,13,62,3
1,0,0,7,19,65,3
0,0,0,2,27,52,4
1,0,0,7,19,48,3
0,0,0,2,5,87,2
1,0,0,5,20,75,5
1,0,0,5,20,39,3
0,0,0,4,7,26,2
0,0,0,1,28,34,5
1,0,0,5,14,70,5
0,0,0,1,14,68,5
0,0,0,2,16,53,3
0,0,0,1,24,35,2
0,0,1,1,15,57,2
1,0,0,5,12,75,2
1,0,0,7,22,57,4
0,0,0,3,21,48,3
1,0,0,7,28,87,5
1,0,0,1,2,66,2
0,0,0,3,26,36,4
0,0,0,3,28,37,5
1,0,0,3,26,54,5
1,0,1,7,23,35,2
1,0,0,7,1,72,1
1,0,0,5,21,82,5
0,0,0,1,25,59,4
0,0,1,1,2,31,3
1,0,0,6,21,43,3
0,0,0,1,26,51,4
1,0,0,4,14,31,1
0,1,0,2,9,43,3
1,0,0,4,15,54,2
0,0,0,1,22,37,4
1,0,0,7,2,68,5
0,0,1,3,13,67,4
1,0,0,6,23,50,5
0,1,0,2,24,37,5
0,0,0,3,3,74,4
1,0,0,7,23,66,4
1,0,1,5,17,47,2
1,0,0,5,13,38,2
0,0,0,2,8,68,1
1,0,0,5,14,31,3
1,0,0,2,24,30,3
0,1,0,3,15,30,3
1,0,0,7,26,46,4
1,0,0,7,12,59,2
1,0,0,7,25,57,3
0,0,0,1,14,67,5
0,1,0,1,7,40,3
0,0,0,1,4,37,3
0,0,0,2,24,77,5
1,0,0,5,17,47,3
0,0,0,1,1,75,2
0,0,0,1,25,71,5
1,0,0,5,9,61,2
0,0,0,1,19,27,3
0,1,0,4,1,38,3
0,0,0,1,21,39,4
1,0,0,7,7,74,3
0,0,0,1,21,63,3
1,0,0,6,22,18,1
1,0,1,7,21,66,3
0,1,0,1,2,89,1
1,0,0,7,19,55,5
0,1,0,3,27,47,5
1,0,0,2,14,66,1
1,0,0,4,5,37,3
1,0,0,7,13,83,5
1,0,0,7,11,22,3
1,0,0,7,17,42,3
0,1,0,1,15,27,5
0,0,0,1,8,79,3
0,0,0,1,15,30,5
0,0,1,2,12,55,2
0,1,0,1,4,22,2
0,1,0,1,1,66,2
1,0,0,5,24,46,2
1,0,0,7,15,35,5
0,0,0,2,28,23,3
1,0,0,7,4,26,2
0,0,0,3,23,51,5
1,0,0,6,25,75,2
0,0,0,1,17,67,3
1,0,0,6,15,49,2
0,0,0,1,11,75,3
1,0,0,7,11,25,3
0,0,0,1,22,45,5
0,0,0,6,13,74,3
1,0,0,6,1,62,2
1,0,0,6,13,82,1
0,0,0,1,28,20,3
1,0,0,4,18,61,5
0,0,0,2,25,47,5
1,0,0,3,6,28,3
0,0,1,1,9,49,2
1,0,0,5,15,45,2
0,0,0,1,23,60,3
0,0,0,3,21,33,5
0,0,0,4,9,52,2
1,0,0,4,6,70,1
1,0,1,6,14,60,4
1,0,0,7,12,74,2
1,0,0,6,22,46,4
0,1,0,1,14,50,5
1,0,0,5,14,59,3
0,0,1,2,13,34,3
0,0,1,3,15,37,2
0,1,0,1,17,62,3
0,0,0,2,20,45,3
1,0,0,7,27,50,2
0,0,0,3,28,56,5
0,0,0,1,5,63,2
0,0,0,1,9,85,3
0,0,1,2,7,33,3
1,0,1,7,18,26,3
1,0,0,6,1,56,2
1,0,0,7,20,68,5
1,0,0,7,18,46,4
0,0,1,4,17,42,2
0,0,0,1,12,51,3
1,0,0,7,17,20,2
1,0,0,5,17,36,4
1,0,0,5,3,28,2
1,0,0,5,11,47,3
0,0,0,3,28,47,5
0,0,0,1,20,68,5
1,0,0,7,12,37,3
0,1,0,1,1,53,1
0,0,0,2,19,32,4
0,1,0,3,5,53,1
0,0,0,3,21,65,3
0,0,1,1,5,53,2
0,0,0,4,14,41,2
0,1,0,1,1,54,3
0,0,0,3,19,47,3
0,0,0,1,22,80,5
1,0,1,6,28,63,4
1,0,0,6,1,82,2
1,0,0,5,1,49,4
0,0,0,1,25,33,5
1,0,0,7,11,81,2
0,0,0,2,21,64,3
1,0,0,6,18,30,4
1,0,0,7,14,62,3
1,0,0,5,9,31,3
0,0,0,1,2,42,5
0,0,1,1,3,23,3
0,0,1,3,17,21,3
0,0,1,3,15,44,4
1,0,1,6,23,51,3
0,0,0,3,23,59,4
1,0,0,7,17,77,5
0,0,0,2,7,68,3
0,0,0,1,17,65,2
1,0,0,4,17,49,3
1,0,0,5,11,85,2
0,0,0,1,27,58,5
0,0,0,2,19,37,3
0,0,0,2,25,66,1
0,0,0,6,28,53,4
1,0,0,6,21,46,4
0,0,0,6,26,53,3
1,0,0,4,13,46,4
0,1,0,1,8,67,3
1,0,0,7,19,65,2
0,1,0,2,21,45,4
1,0,0,7,28,18,1
1,0,0,6,15,33,4
0,0,1,6,1,24,3
1,0,0,5,18,29,3
0,0,0,2,24,49,5
1,0,0,6,26,47,4
1,0,0,5,7,53,3
0,1,0,1,11,47,3
0,0,0,1,9,71,3
0,0,0,3,15,59,3
1,0,0,4,7,48,4
0,0,0,3,3,58,3
0,0,1,3,1,36,1
1,0,0,7,20,47,4
1,0,0,7,7,31,4
0,1,0,1,1,72,3
1,0,0,2,5,54,3
1,0,0,6,24,38,3
1,0,0,5,11,47,3
0,1,0,4,7,43,3
1,0,0,4,1,43,2
0,0,0,3,27,20,2
0,0,0,3,9,24,4
0,0,0,1,20,80,4
1,0,0,6,14,64,4
1,0,1,4,2,35,1
0,0,0,1,24,46,5
1,0,0,7,20,73,3
0,0,0,5,17,70,3
0,0,1,1,23,53,5
1,0,0,2,11,79,2
1,0,0,5,16,60,2
0,0,0,2,24,76,3
0,0,1,1,12,70,2
1,0,0,7,26,66,4
1,0,0,7,3,46,1
0,1,0,1,11,25,4
1,0,0,4,17,71,2
0,0,0,2,13,37,3
0,0,0,2,12,41,2
0,0,1,2,1,20,3
1,0,0,6,22,59,5
0,0,0,3,23,23,4
1,0,0,5,28,62,4
0,1,0,1,1,41,2
0,0,0,3,23,74,5
1,0,0,7,24,40,5
1,0,1,6,17,58,2
0,0,0,1,14,68,5
1,0,0,6,25,32,3
0,0,0,1,5,78,1
0,1,0,3,25,45,4
0,1,0,1,21,44,3
0,0,0,3,9,34,3
0,0,0,7,6,67,2
0,0,1,2,4,59,1
0,0,0,3,23,28,5
1,0,0,6,19,33,4
1,0,0,5,26,37,4
1,0,0,7,17,68,3
1,0,0,7,1,74,1
0,0,1,1,17,36,3
0,0,0,3,14,52,3
1,0,1,7,12,24,2
0,0,0,1,5,62,2
0,0,0,2,12,73,4
0,0,0,2,21,18,3
0,0,0,1,11,53,5
1,0,0,5,26,33,3
1,0,0,3,11,79,1
0,0,0,1,24,68,4
1,0,0,6,5,29,3
0,0,0,3,11,80,2
1,0,0,7,17,72,3
0,0,0,4,1,46,1
1,0,0,7,21,49,4
0,0,1,4,11,38,3
0,0,0,3,17,69,3
0,0,0,2,18,28,4
1,0,0,7,26,52,4
1,0,0,6,23,45,4
1,0,1,7,13,32,3
1,0,0,7,1,80,4
0,0,0,2,26,36,5
0,0,1,2,1,18,3
0,1,0,1,26,40,2
1,0,0,7,1,18,2
1,0,0,6,16,22,2
1,0,0,5,27,66,4
1,0,0,5,1,70,2
1,0,0,7,1,54,2
0,1,0,2,3,20,2
0,0,0,1,20,49,4
1,0,0,7,7,55,1
1,0,0,5,25,67,5
0,1,0,2,21,29,4
0,0,0,1,24,55,3
1,0,0,7,17,64,4
1,0,0,6,14,34,3
0,1,0,1,5,72,2
0,0,0,1,11,71,3
1,0,0,5,19,75,3
0,0,1,1,5,21,3
1,0,0,5,25,46,2
0,0,1,1,21,57,2
1,0,0,7,7,24,3
0,0,0,1,8,85,2
1,0,0,7,9,56,2
1,0,0,6,27,38,3
1,0,0,4,17,30,3
0,0,0,1,26,41,5
0,1,0,1,8,50,1
0,0,0,1,20,44,3
0,0,0,2,22,27,4
0,1,0,4,3,41,3
0,1,0,1,11,50,3
1,0,0,4,13,68,3
1,0,0,5,23,71,2
1,0,0,5,19,67,2
0,0,1,3,14,25,3
0,0,0,1,23,81,5
0,0,0,1,21,64,1
1,0,0,6,1,68,5
0,1,0,1,2,29,2
0,0,0,3,25,59,3
1,0,0,6,21,25,3
0,0,0,1,16,52,3
0,0,0,1,20,37,5
1,0,0,6,22,50,3
1,0,0,5,8,76,3
1,0,0,5,21,19,3
0,0,0,1,27,52,5
0,0,0,1,16,66,5
0,0,0,4,22,51,3
0,0,1,1,23,20,3
0,0,0,1,15,41,2
0,0,0,1,11,25,4
1,0,0,7,19,60,2
0,0,0,1,26,64,3
0,1,0,2,24,36,4
1,0,0,4,1,62,2
1,0,0,7,25,59,4
1,0,0,5,11,55,3
1,0,0,5,22,34,5
1,0,0,5,20,59,3
0,1,0,1,9,34,3
0,0,0,1,25,63,5
1,0,0,7,24,45,3
1,0,0,5,24,55,3
1,0,0,7,18,57,4
0,0,0,3,14,58,3
1,0,0,1,14,52,2
0,1,0,1,10,65,3
1,0,0,7,25,57,4
1,0,0,5,22,69,3
1,0,0,1,9,22,3
0,0,0,3,27,55,5
0,1,0,3,13,46,3
0,0,0,4,23,46,5
1,0,0,6,8,73,1
1,0,0,7,15,70,3
0,0,0,1,5,79,1
0,0,0,3,9,32,4
1,0,0,4,5,61,3
0,0,0,1,15,67,2
0,1,0,1,9,44,4
0,1,0,1,24,55,3
0,1,0,1,2,30,2
1,0,0,6,16,64,1
0,0,0,1,22,46,2
0,0,1,4,22,53,4
0,0,0,2,7,23,3
1,0,0,4,14,77,3
0,0,0,2,1,22,5
1,0,0,7,24,20,3
1,0,0,6,27,46,5
1,0,0,7,15,33,4
0,1,0,1,1,28,3
1,0,0,5,1,54,3
0,0,0,1,7,60,3
1,0,1,6,15,40,5
1,0,0,7,11,44,3
0,0,1,1,13,19,3
1,0,0,6,24,79,4
1,0,0,6,25,46,3
1,0,0,4,17,63,2
1,0,0,6,15,30,4
0,0,0,2,13,65,2
0,0,0,6,21,39,3
1,0,0,7,22,44,3
1,0,0,6,12,54,3
0,0,0,4,20,36,2
1,0,0,7,11,66,5
1,0,0,7,21,68,4
0,0,0,6,25,47,3
1,0,0,7,23,38,3
1,0,0,4,18,19,3
0,0,0,1,24,69,5
0,0,0,6,28,55,5
0,0,0,6,24,73,5
0,0,0,4,19,39,4
1,0,0,6,21,73,3
1,0,0,5,7,53,2
0,0,0,1,23,65,5
0,1,0,1,5,66,3
1,0,0,7,20,28,3
1,0,0,7,17,55,2
0,1,0,1,5,70,3
0,0,0,2,28,34,3
0,0,0,1,23,77,5
1,0,0,7,13,58,4
0,0,0,1,27,50,5
0,0,0,6,20,50,3
0,0,0,1,22,69,3
0,0,0,3,17,50,5
1,0,0,4,14,64,4
1,0,0,7,27,41,4
1,0,0,7,26,61,4
1,0,0,7,20,34,2
0,0,0,1,17,55,4
1,0,0,1,18,66,1
0,0,0,1,25,42,5
0,0,0,2,25,37,4
1,0,0,4,23,59,3
0,0,0,1,21,27,5
0,0,0,5,5,67,3
0,0,1,1,27,49,5
1,0,0,7,25,34,5
0,1,0,3,1,28,3
0,0,0,1,13,54,5
0,0,1,1,15,33,2
0,0,0,3,19,41,4
1,0,0,7,19,61,3
1,0,0,7,22,28,4
1,0,0,7,21,32,4
1,0,0,7,27,38,2
1,0,0,6,25,32,4
0,0,0,2,22,47,4
0,0,1,4,18,47,4
1,0,0,7,24,64,3
1,0,0,2,19,56,2
0,0,1,1,17,46,2
0,0,0,1,4,68,3
0,0,0,2,14,60,4
1,0,0,5,26,66,5
0,0,0,1,21,86,4
1,0,0,2,18,89,5
0,0,0,2,25,36,5
0,0,0,3,15,65,3
0,0,0,2,24,44,4
0,0,0,3,19,75,5
0,0,0,3,17,69,4
0,0,0,2,19,72,3
1,0,0,7,18,47,3
1,0,0,7,26,43,4
1,0,0,5,26,31,5
1,0,0,4,15,76,2
1,0,0,7,7,74,3
0,1,0,1,12,39,4
0,0,0,1,13,34,2
0,0,0,3,17,63,4
0,0,0,1,2,61,2
0,0,0,4,8,39,5
0,1,0,1,1,48,4
0,0,0,1,24,35,4
1,0,0,7,21,64,2
1,0,0,1,1,21,1
1,0,0,6,28,37,2
0,0,0,1,24,64,5
1,0,0,7,14,64,5
0,0,0,4,26,61,2
0,1,0,1,15,36,5
1,0,0,7,11,67,4
1,0,0,7,11,82,3
1,0,0,6,15,45,2
1,0,1,6,15,33,3
0,0,0,3,15,59,5
0,1,0,1,7,57,2
0,0,0,1,6,84,3
1,0,0,7,3,64,3
1,0,0,5,7,66,4
0,0,0,4,3,20,2
1,0,0,7,25,49,5
1,0,0,4,2,60,4
0,0,0,1,23,44,2
1,0,0,7,17,65,4
1,0,0,4,10,35,3
0,0,1,2,14,48,4
0,0,1,1,1,62,1
0,0,0,3,24,69,4
1,0,0,7,13,68,3
1,0,0,4,3,73,1
1,0,0,7,12,58,3
1,0,0,1,9,54,3
1,0,0,6,12,50,2
1,0,1,5,17,69,3
0,1,0,2,19,56,3
0,0,0,1,22,53,5
0,1,0,1,25,60,4
0,0,1,3,1,58,3
0,0,0,4,15,31,4
1,0,0,6,13,33,3
1,0,0,4,21,48,5
1,0,0,6,1,46,4
0,1,0,1,21,32,3
0,0,0,1,18,35,4
0,0,0,1,22,80,3
1,0,0,7,1,31,3
0,0,0,2,15,65,2
0,1,0,1,8,40,4
1,0,0,6,3,58,1
1,0,0,6,26,43,5
0,0,0,1,11,36,2
1,0,0,7,23,49,5
1,0,0,5,28,20,3
1,0,0,7,27,56,3
0,0,1,1,6,19,3
0,0,0,2,27,39,5
1,0,0,5,28,59,5
0,0,0,3,25,41,5
1,0,0,6,21,39,5
0,1,0,1,1,33,3
0,0,0,3,13,35,4
1,0,0,7,19,59,2
1,0,0,7,26,85,3
1,0,0,7,14,74,2
0,0,0,2,13,31,3
0,0,1,2,7,21,3
1,0,0,7,17,68,4
1,0,0,4,21,56,5
0,0,0,1,28,32,4
0,0,0,6,28,63,5
0,0,0,1,3,40,2
0,0,0,3,3,33,5
1,0,0,3,15,55,2
1,0,0,7,16,69,1
0,1,0,1,15,86,2
1,0,0,7,13,80,2
0,0,0,1,8,61,3
0,1,0,1,12,63,2
0,0,0,3,17,71,3
0,0,0,4,12,61,3
1,0,0,7,13,62,2
1,0,0,7,15,71,4
0,0,0,1,17,34,5
0,0,0,1,21,61,4
1,0,0,5,9,49,4
1,0,0,7,9,61,2
1,0,0,6,23,39,4
0,0,0,3,27,20,3
0,1,0,2,11,30,3
1,0,0,7,15,72,4
0,0,0,1,28,76,4
0,1,0,1,23,41,3
0,1,0,1,22,50,5
0,0,0,1,10,73,3
1,0,0,5,27,67,4
0,0,0,3,1,24,4
1,0,0,7,19,59,3
1,0,0,2,2,34,2
0,0,0,1,27,57,3
0,0,0,2,14,35,4
0,0,0,2,27,67,4
0,0,0,1,10,21,2
0,0,1,2,17,20,3
0,0,0,3,21,40,4
1,0,0,7,12,58,3
1,0,0,7,3,81,2
0,1,0,2,2,61,3
0,0,0,6,11,55,2
1,0,0,7,9,62,3
0,0,0,2,21,36,4
0,1,0,2,5,25,4
0,0,0,2,8,71,2
1,0,0,6,23,63,3
1,0,0,6,17,20,2
1,0,0,4,23,32,3
0,0,0,1,24,39,5
1,0,0,7,21,52,3
0,1,0,1,23,65,5
0,0,0,2,9,21,3
1,0,0,6,15,60,3
1,0,0,7,12,63,2
1,0,0,6,21,57,3
0,0,1,1,1,51,2
0,0,0,2,27,67,4
0,0,0,3,13,29,4
1,0,0,4,12,66,2
1,0,0,5,11,61,4
0,0,1,2,22,21,3
1,0,0,4,22,35,2
1,0,0,7,18,30,3
1,0,0,7,14,88,5
1,0,0,7,17,57,3
0,0,0,2,15,64,4
1,0,0,5,15,63,3
0,0,0,1,27,41,4
1,0,0,6,25,62,4
0,1,0,1,17,83,1
1,0,1,7,19,49,3
1,0,0,7,20,65,3
0,0,0,1,16,37,4
0,0,0,1,26,56,4
0,0,0,3,20,53,4
1,0,0,5,24,60,5
1,0,0,4,11,46,3
0,0,0,6,14,33,4
1,0,0,2,4,72,5
1,0,0,7,13,71,3
1,0,0,7,21,37,5
0,0,0,1,24,69,4
0,0,0,2,7,21,3
0,0,1,2,18,45,2
1,0,1,2,9,40,3
0,1,0,1,9,49,3
1,0,0,4,25,57,4
0,0,0,1,8,25,4
0,0,1,2,27,33,2
0,0,0,3,12,41,4
0,0,0,1,22,67,5
1,0,0,7,16,27,4
0,0,0,1,7,47,3
1,0,0,5,18,35,2
0,0,0,2,25,53,4
0,0,0,1,19,62,2
1,0,0,7,4,25,3
0,0,0,3,27,72,5
1,0,0,6,14,22,2
0,0,1,1,13,45,3
1,0,0,1,16,52,3
0,0,1,1,11,18,2
0,0,0,2,23,50,4
0,0,0,4,7,41,3
0,0,0,6,27,31,5
1,0,0,7,17,58,3
0,0,0,3,13,68,5
1,0,0,3,24,60,4
0,1,0,2,21,47,5
1,0,0,7,8,64,4
1,0,0,7,18,28,4
1,0,0,7,27,74,5
1,0,0,5,15,71,2
1,0,0,5,9,54,3
1,0,0,7,18,39,4
0,0,1,1,12,68,2
1,0,0,7,24,43,4
0,0,0,1,16,36,3
0,0,0,1,1,58,3
0,0,0,2,18,82,4
0,0,0,1,22,53,5
1,0,0,6,22,34,3
1,0,0,6,15,56,2
1,0,0,7,17,72,2
1,0,0,7,11,54,2
1,0,0,6,7,73,1
1,0,0,7,3,68,5
1,0,0,7,22,84,2
0,0,0,2,1,35,3
0,1,0,1,11,38,2
0,0,0,1,3,52,2
0,0,0,1,27,48,5
1,0,0,4,24,65,5
0,0,1,7,21,55,2
1,0,0,6,1,46,3
0,0,0,1,25,54,5
0,0,0,1,5,49,3
0,1,0,1,27,32,4
0,1,0,4,11,31,2
0,0,0,1,25,67,5
1,0,1,6,18,34,4
1,0,0,6,27,55,4
1,0,0,4,11,54,2
1,0,0,6,19,56,2
1,0,0,7,27,78,5
1,0,0,7,2,27,2
1,0,0,7,15,21,3
1,0,0,7,2,78,1
1,0,0,6,9,83,2
0,0,0,1,27,57,5
0,0,0,2,1,56,4
1,0,0,6,15,29,4
1,0,0,7,23,77,4
1,0,0,4,27,20,2
1,0,0,7,18,51,3
0,0,1,1,12,87,3
0,0,0,3,25,36,5
1,0,0,6,20,35,3
0,0,0,2,24,28,5
0,0,0,1,22,29,4
1,1,0,6,13,48,3
1,0,0,6,9,81,3
0,0,0,3,27,47,5
0,0,0,3,25,30,5
0,0,0,2,28,37,5
0,0,0,4,17,31,4
0,0,0,1,20,51,2
1,0,0,6,1,32,4
0,1,0,1,1,32,3
0,0,0,1,16,48,3
1,0,0,4,5,56,3
1,0,0,5,27,51,5
1,0,0,7,18,43,3
1,0,0,7,7,78,3
0,0,0,1,26,64,5
0,0,1,7,22,34,5
0,0,0,7,1,57,2
0,0,0,3,19,46,3
0,0,0,6,21,68,3
1,0,0,4,17,51,3
1,0,0,5,26,53,3
1,0,0,6,19,53,4
1,0,0,6,13,68,4
1,0,0,5,17,75,3
1,0,0,7,19,51,2
1,0,0,6,17,19,2
1,0,0,7,9,61,2
1,0,0,2,21,51,3
1,0,0,2,16,46,4
1,0,0,7,17,32,3
0,0,1,2,2,20,3
1,0,0,7,22,70,3
0,0,0,1,22,68,3
1,0,0,1,7,36,3
0,0,0,2,23,71,3
0,0,0,1,13,39,4
0,1,0,1,3,70,2
1,0,0,7,13,62,2
1,0,0,2,14,32,3
0,0,0,1,19,25,4
1,0,0,7,26,72,5
0,1,0,1,13,28,4
0,0,0,3,24,54,3
0,0,0,2,28,37,5
1,0,0,4,3,53,2
1,0,0,5,17,67,2
1,0,0,6,17,37,3
1,0,0,6,2,51,3
0,0,0,1,20,75,3
0,0,1,3,25,21,3
0,0,0,7,12,63,2
1,0,0,5,8,78,2
0,0,0,3,3,23,4
1,0,0,6,24,52,5
0,0,0,1,11,65,3
0,0,0,1,7,64,4
1,0,0,7,24,41,3
0,0,0,6,24,59,3
1,0,0,7,11,61,2
0,0,0,2,9,41,2
0,0,0,1,24,62,2
0,0,0,1,21,19,2
1,0,0,7,23,25,4
0,0,0,4,1,72,3
0,0,0,6,18,67,4
1,0,0,7,13,44,5
1,0,0,6,13,32,3
0,1,0,1,25,74,4
0,0,0,3,7,37,3
0,0,0,2,12,39,4
0,0,0,1,18,29,5
0,0,0,1,11,28,5
1,0,0,7,23,86,3
1,0,0,6,24,19,3
1,0,0,5,21,64,4
1,0,0,7,26,55,4
0,0,0,4,17,73,3
1,0,0,6,13,41,2
0,0,0,4,14,33,4
0,0,0,3,3,65,5
0,0,0,4,23,31,5
0,0,0,4,21,53,3
0,0,0,2,6,22,3
1,0,0,7,13,34,4
0,0,0,6,22,46,4
0,1,0,1,19,72,3
1,0,0,4,15,37,3
0,0,0,2,24,49,3
0,0,1,1,17,41,1
1,0,1,6,19,64,3
0,0,1,1,12,48,2
0,0,0,3,18,21,3
1,0,0,7,21,72,3
1,0,0,5,21,68,3
0,0,0,3,14,84,2
0,0,0,3,20,56,3
1,0,0,5,11,66,4
0,0,0,1,20,72,2
0,1,0,1,23,22,2
1,0,0,6,6,27,3
1,0,0,7,12,80,1
1,0,0,7,25,46,3
1,0,0,7,22,68,4
0,0,0,2,21,33,3
0,0,0,2,9,69,3
0,0,0,2,25,68,4
0,0,0,3,14,59,5
1,0,0,7,8,31,3
0,0,0,1,21,33,5
0,1,0,7,12,59,2
1,0,0,7,21,50,2
1,0,0,7,11,79,3
1,0,0,7,20,65,5
0,1,0,1,6,39,3
1,0,0,6,21,54,5
1,0,0,7,28,60,5
0,0,0,1,25,34,5
1,0,0,7,20,60,2
0,0,0,2,28,62,4
1,0,0,7,17,28,5
1,0,0,5,7,52,5
0,0,0,1,26,73,5
0,0,0,1,8,59,3
1,0,0,6,1,68,1
0,0,0,1,5,82,4
0,1,0,1,11,30,2
0,1,0,1,24,49,3
0,0,0,1,5,75,3
1,0,0,4,17,73,3
0,1,0,2,7,41,5
0,0,1,1,7,26,4
0,0,0,1,26,56,3
0,0,0,1,4,20,3
1,0,0,5,17,54,2
1,0,0,7,24,49,3
0,0,0,1,26,35,5
0,0,0,3,10,26,4
1,0,0,6,28,37,4
0,0,0,4,8,57,3
1,0,0,4,15,67,2
1,0,0,6,27,63,5
0,0,0,1,24,41,4
1,0,0,7,1,37,3
1,0,0,7,3,55,3
0,0,0,1,26,26,4
0,1,0,2,9,24,3
0,0,1,4,11,25,2
1,0,0,6,23,60,3
1,0,0,4,21,57,3
1,0,0,6,16,29,3
1,0,0,7,20,46,2
0,0,0,1,7,70,4
0,0,0,2,26,81,5
0,0,0,1,2,60,4
1,0,0,7,21,50,3
0,0,1,2,28,41,5
1,0,0,6,26,22,3
0,1,0,1,27,32,5
0,0,0,2,24,19,3
0,1,0,1,1,21,2
0,1,0,1,3,24,2
1,0,0,7,21,66,4
0,1,0,1,18,60,2
0,0,0,1,6,80,3
1,0,0,5,28,61,3
1,0,0,5,21,60,5
1,0,0,6,1,49,3
1,0,0,4,22,59,2
0,0,0,3,28,79,5
0,0,0,2,15,38,4
1,0,0,6,28,34,5
1,0,0,7,19,63,5
1,0,0,6,8,73,4
0,0,0,1,11,32,4
1,0,0,6,16,37,2
1,0,0,5,28,73,3
0,1,0,4,7,22,2
1,0,0,7,14,27,4
0,0,1,1,28,55,5
1,0,0,6,1,86,2
0,0,0,1,21,60,5
0,1,0,1,15,35,3
1,0,0,5,13,62,3
1,0,0,7,12,49,3
1,0,0,7,1,58,4
1,0,0,7,22,62,3
0,0,0,6,22,54,4
1,0,0,7,23,61,3
1,0,0,7,28,28,4
0,0,0,2,27,67,3
1,0,0,7,22,37,3
0,0,0,1,1,58,3
1,0,0,4,17,27,4
0,0,0,1,27,28,5
0,0,0,1,25,37,5
0,0,0,1,28,64,5
0,0,1,7,24,77,4
1,0,0,7,11,67,2
1,0,0,7,27,74,4
1,0,0,7,17,33,3
1,0,0,7,15,31,3
1,0,0,6,18,36,4
1,0,0,6,22,49,2
1,0,0,6,7,19,3
0,0,0,2,19,64,5
0,0,0,6,28,38,4
1,0,0,7,25,53,4
0,0,1,1,17,70,4
1,0,0,7,23,57,3
1,0,0,3,21,39,4
0,0,0,3,8,53,2
0,0,0,1,15,59,3
1,0,0,5,6,57,3
0,1,0,2,1,27,2
0,0,0,2,25,41,4
1,0,1,5,17,22,4
1,0,0,7,1,63,4
1,0,0,4,11,60,3
0,0,0,1,28,49,5
1,0,0,7,22,31,2
0,1,0,3,24,31,4
1,0,0,5,12,53,2
0,0,0,3,25,32,3
0,0,0,3,26,36,4
1,0,0,4,28,34,5
0,1,0,1,1,34,1
1,0,0,7,28,45,5
0,0,0,3,17,30,4
0,0,0,3,15,67,2
0,0,0,1,1,58,4
1,0,0,7,9,54,4
1,0,0,7,21,41,3
0,0,0,5,20,32,4
1,0,0,7,13,64,3
0,0,0,1,0,61,5
1,0,0,5,13,36,2
1,0,0,7,24,45,3
1,0,0,7,22,60,3
1,0,0,2,16,63,2
0,0,0,2,17,60,3
0,0,0,4,15,86,3
0,0,0,1,24,59,5
0,0,0,3,27,40,4
0,0,1,1,23,40,3
1,0,0,7,21,30,3
0,0,0,3,21,63,4
0,1,0,1,9,26,3
1,0,0,7,14,39,3
1,0,0,7,19,28,4
1,0,0,7,9,76,3
1,0,0,4,5,42,3
1,0,0,4,13,32,4
1,0,0,6,19,43,3
0,0,0,2,21,32,4
1,0,0,7,21,58,1
0,1,0,1,2,39,2
0,0,1,1,17,32,5
1,0,0,7,18,46,3
1,0,0,7,21,51,3
1,0,0,7,24,85,3
0,0,0,1,26,68,5
0,0,1,3,11,30,4
0,0,1,1,13,46,3
1,0,0,7,9,65,1
1,0,0,7,22,27,5
1,0,0,7,19,31,4
0,0,1,1,21,46,3
0,1,0,1,7,37,1
0,0,0,2,26,63,5
0,0,0,2,27,39,5
1,0,1,6,22,32,4
0,1,0,1,19,54,4
0,0,0,3,3,18,2
1,0,0,7,1,48,3
0,1,0,2,9,26,3
1,0,0,7,14,55,3
0,0,1,3,17,50,5
0,0,0,2,12,46,3
0,0,0,1,3,33,5
0,1,0,1,13,78,3
1,0,0,6,14,42,3
0,0,0,3,18,18,2
0,0,0,1,1,21,2
1,0,1,6,28,58,2
0,0,0,4,21,29,3
1,0,0,5,24,49,4
1,0,0,5,19,25,4
0,0,0,3,14,35,5
1,0,0,6,28,52,2
1,0,0,6,23,36,3
1,0,0,7,11,53,2
0,0,0,3,20,32,5
0,0,0,2,25,35,3
0,0,0,1,24,64,3
0,0,0,2,17,66,2
1,0,0,6,26,58,4
0,0,0,1,26,31,4
0,1,0,1,7,65,2
0,0,0,1,15,51,5
0,0,0,1,21,45,3
0,0,0,1,24,51,3
1,0,0,7,22,30,4
1,0,0,7,27,61,5
1,0,0,6,0,66,5
1,0,0,7,11,28,4
1,0,0,7,1,69,2
0,0,0,1,1,87,5
0,0,0,2,15,74,2
1,0,0,7,12,35,3
0,0,0,5,27,50,5
0,0,1,4,11,21,3
1,0,0,7,20,66,3
1,0,0,6,21,67,3
0,0,1,3,27,36,4
1,0,0,4,12,56,4
0,0,0,2,2,21,3
1,0,0,2,11,46,2
0,1,0,1,5,63,1
1,0,0,5,12,57,4
1,0,0,2,23,48,3
0,1,0,2,2,20,2
1,0,0,5,21,37,3
0,0,0,1,28,58,5
0,0,0,3,18,22,4
1,0,0,7,25,59,4
1,0,0,6,28,60,3
0,0,0,1,27,54,5
0,0,0,1,28,40,5
1,0,0,4,25,68,4
0,1,0,2,7,35,2
0,0,0,4,24,42,3
0,0,0,1,17,65,5
0,0,0,1,26,66,3
0,0,0,1,21,50,2
0,0,0,1,26,48,5
0,0,0,4,27,31,4
1,0,0,7,19,41,2
1,0,0,4,23,32,3
1,0,0,3,15,25,3
0,0,0,1,17,57,5
1,0,0,2,13,19,2
0,1,0,2,1,32,5
1,0,0,5,13,56,3
0,0,0,6,28,50,3
0,1,0,1,15,53,3
1,0,0,5,25,77,2
1,0,0,7,19,82,5
0,1,0,1,11,35,3
1,0,0,7,5,58,3
0,0,0,2,18,32,3
1,0,0,6,23,36,4
0,1,0,4,1,29,2
1,0,0,7,27,68,5
0,0,0,1,1,67,5
0,0,0,1,21,79,4
0,0,0,4,28,54,4
1,0,0,5,16,80,3
0,0,0,2,15,30,4
0,0,1,1,9,37,2
1,0,0,7,7,49,3
0,0,1,1,23,59,3
0,0,0,3,15,36,3
0,0,1,2,25,38,3
1,0,0,5,21,82,3
0,1,0,1,13,67,3
0,0,0,3,21,41,4
1,0,0,7,5,61,2
1,0,0,5,21,65,5
1,0,0,7,12,64,2
0,0,0,2,11,27,5
1,0,0,7,13,64,4
0,0,0,3,17,21,3
0,0,0,2,17,65,5
0,0,0,1,23,65,4
0,0,0,2,26,64,4
1,0,0,5,19,76,5
0,0,0,2,7,25,3
0,0,0,3,21,64,3
0,0,0,1,28,59,5
1,0,0,7,15,25,3
1,0,0,7,16,50,2
1,0,0,5,17,76,3
0,0,0,1,9,70,3
1,0,0,2,20,37,3
1,0,0,7,18,38,4
0,0,1,1,14,65,1
1,0,0,7,7,69,3
0,0,0,4,17,34,4
1,0,0,5,5,59,3
1,0,0,3,1,28,2
0,0,1,1,22,56,4
0,0,0,3,24,34,2
1,0,0,7,13,54,4
0,0,1,2,26,55,4
0,0,0,1,11,64,2
0,0,0,2,27,29,5
0,0,0,1,24,66,4
0,0,0,2,18,71,3
0,0,0,1,7,81,2
1,0,0,7,23,53,3
0,0,1,1,13,22,2
1,0,0,5,18,21,1
1,0,0,6,26,54,4
1,0,0,6,21,64,4
1,0,0,7,24,71,2
0,0,0,3,5,20,3
0,1,0,1,1,55,1
1,0,0,7,19,67,3
0,0,0,1,17,63,2
0,0,0,3,17,55,3
1,0,0,5,1,62,1
0,0,0,1,12,83,5
0,1,0,1,16,46,2
1,0,0,7,5,63,4
1,0,0,7,19,59,3
1,0,0,5,12,44,3
0,0,0,2,3,36,5
1,0,0,7,1,54,4
1,0,0,5,6,64,3
0,0,0,1,12,30,4
0,0,1,6,27,54,5
0,0,0,2,5,24,2
0,0,0,1,16,66,5
0,0,0,1,25,20,1
1,0,0,3,23,81,4
1,0,0,7,23,72,3
0,0,1,4,27,64,5
0,0,0,1,13,75,2
0,0,0,1,18,56,2
0,0,0,1,12,27,4
0,0,1,2,7,19,2
0,0,0,1,17,56,3
1,0,0,4,11,73,3
0,0,0,2,25,56,5
0,0,0,1,24,64,5
1,0,0,7,19,34,3
0,0,0,3,25,75,4
0,1,0,1,11,38,1
0,0,0,1,28,50,4
1,0,0,6,17,62,3
0,0,0,2,28,48,5
0,1,0,1,1,66,1
0,0,1,1,1,31,1
1,0,0,6,8,67,3
1,0,0,5,15,19,3
0,0,0,1,18,21,3
1,0,0,7,17,64,2
0,1,0,1,9,23,1
0,1,0,2,18,44,3
0,0,0,4,7,72,3
0,0,0,1,24,72,4
1,0,0,7,6,66,1
1,0,0,6,12,69,3
1,0,0,2,15,33,4
1,0,0,6,21,35,4
0,0,0,2,18,60,2
0,1,0,1,7,51,3
0,0,0,1,22,45,4
0,0,0,3,16,55,3
1,0,0,5,25,47,4
0,1,0,1,9,68,4
0,0,0,2,19,71,2
0,0,0,3,18,58,4
0,0,0,2,23,67,5
0,0,0,4,24,50,4
1,0,0,7,3,25,4
0,0,0,1,6,73,1
0,0,1,2,12,60,2
0,1,0,1,1,37,2
0,0,0,1,28,28,5
1,0,0,6,21,58,4
1,0,0,7,28,38,4
0,0,0,1,22,68,2
1,0,0,4,11,84,2
0,0,0,1,16,31,3
0,0,0,2,24,62,4
0,0,1,4,5,38,1
0,0,0,2,7,68,1
1,0,0,6,12,65,3
1,0,0,7,24,36,5
0,0,0,1,28,63,5
1,0,0,6,10,50,3
0,0,0,4,14,51,3
1,0,0,6,21,62,3
1,0,0,5,12,39,3
0,0,0,1,20,54,4
0,0,0,2,15,63,2
0,0,0,3,20,30,4
1,0,0,4,7,39,1
1,0,0,2,6,44,3
1,0,0,7,25,73,3
1,0,0,7,12,47,5
0,0,0,2,22,42,5
1,0,0,4,27,67,3
1,0,0,7,14,59,2
0,0,0,2,26,63,5
1,0,0,5,17,29,4
1,0,0,6,14,67,2
0,0,0,2,16,57,3
1,0,0,7,15,27,4
0,0,0,1,17,55,5
0,0,0,1,1,23,2
0,1,0,1,5,57,1
0,0,0,3,28,68,4
1,0,0,6,28,46,5
1,0,0,5,27,66,3
0,0,0,1,27,65,5
0,1,0,1,23,71,3
1,0,0,5,14,28,5
0,0,0,6,23,49,3
1,0,0,4,1,65,3
0,0,0,1,19,35,5
1,0,0,5,14,51,3
0,0,0,1,13,56,5
0,0,0,1,21,39,5
0,1,0,1,11,53,3
0,0,0,1,15,68,4
0,0,0,7,26,68,4
1,0,0,6,24,82,5
0,0,0,1,28,60,4
0,1,0,1,8,30,3
0,0,0,2,1,67,3
1,0,0,2,21,33,3
1,0,0,7,24,61,3
0,0,1,1,9,56,3
0,0,0,3,16,53,3
1,0,0,7,11,69,3
1,0,0,6,20,47,2
0,0,0,4,23,38,4
1,0,0,6,11,81,3
1,0,0,6,13,68,3
0,0,0,1,10,76,2
0,0,0,1,1,68,4
0,0,0,2,22,31,5
0,0,0,3,14,25,4
1,0,0,4,21,32,3
0,0,0,1,24,54,3
1,0,0,7,21,65,4
0,0,0,2,26,32,3
0,0,0,1,7,60,3
0,0,0,1,21,63,3
0,0,1,2,25,28,3
0,0,0,3,27,42,5
0,0,1,2,15,33,2
0,0,0,1,5,57,4
1,0,0,7,21,76,4
1,0,0,7,11,62,3
1,0,0,7,14,31,4
0,0,0,3,21,34,5
1,0,0,6,21,46,4
0,0,0,1,25,54,3
0,0,0,2,21,63,3
1,0,0,7,17,32,4
0,0,0,3,12,31,2
0,0,0,1,7,26,2
0,0,0,1,6,42,2
0,0,0,1,13,68,4
0,0,0,1,28,65,5
0,1,0,1,22,49,3
0,0,0,3,27,37,4
1,0,0,3,27,58,4
1,0,0,7,16,60,4
0,1,0,3,20,35,4
0,1,0,1,3,47,3
0,0,0,1,16,53,3
1,0,0,6,23,46,3
1,0,0,7,21,30,3
0,1,0,1,12,42,2
0,0,0,1,21,53,5
0,0,0,2,22,31,4
1,0,0,6,24,60,3
1,0,0,6,27,41,3
1,0,0,7,22,23,3
1,0,0,5,28,38,5
1,0,0,2,11,39,4
1,0,0,5,17,71,3
0,0,0,1,12,70,5
0,0,0,2,12,38,4
0,0,0,3,20,28,3
0,0,0,5,28,33,4
1,0,0,7,1,58,2
0,0,0,1,11,79,2
1,0,0,6,20,40,5
1,0,0,7,21,66,5
0,0,0,1,13,69,5
0,0,1,1,7,50,3
0,0,1,3,7,26,4
0,0,0,3,22,68,5
1,0,0,5,14,56,1
1,0,0,7,22,55,4
0,0,0,6,12,54,2
0,1,0,1,15,20,4
1,0,0,6,9,86,2
0,0,0,1,20,57,2
1,0,0,2,5,30,3
1,0,0,6,8,66,2
0,0,1,2,13,36,3
0,0,0,1,28,44,5
0,0,0,3,15,55,1
0,1,0,4,19,31,2
1,0,0,7,3,56,3
0,0,1,2,18,57,3
0,0,0,3,11,28,4
0,0,0,1,21,37,3
1,0,0,5,25,45,4
1,0,1,4,1,43,3
0,0,0,2,24,37,5
0,0,0,1,23,66,5
0,1,0,1,4,75,2
1,0,0,4,23,72,2
0,0,1,1,8,26,4
0,0,0,3,7,72,4
1,0,0,5,5,67,1
1,0,0,7,25,63,4
1,0,0,5,18,42,3
1,0,0,7,8,78,3
0,0,0,1,21,66,4
1,0,0,5,9,57,2
0,0,0,3,13,52,2
0,1,0,1,1,45,1
0,0,1,1,11,37,3
0,0,0,2,14,39,4
1,0,0,2,21,35,3
1,0,0,5,12,72,3
1,0,1,7,23,29,3
1,0,0,7,5,62,2
1,0,0,6,1,78,3
1,0,0,7,15,29,5
0,0,0,1,18,33,4
1,0,0,7,19,52,2
1,0,0,5,13,69,3
0,0,0,2,24,39,2
1,0,0,6,19,50,2
1,0,0,6,26,59,4
1,0,0,7,16,35,3
0,1,0,1,1,22,4
0,1,0,2,1,29,3
1,0,0,5,22,46,3
0,0,0,5,23,58,3
0,0,0,1,24,38,4
1,0,0,4,19,27,3
0,1,0,1,17,37,3
0,0,0,2,1,49,2
0,0,1,2,1,19,3
0,1,0,1,12,67,3
0,0,1,1,22,57,3
0,0,0,3,23,47,4
0,0,0,2,4,20,3
0,0,0,1,24,59,5
1,0,0,7,18,49,4
1,0,0,5,22,72,3
1,0,0,4,23,41,3
0,0,0,1,2,23,4
0,0,0,1,2,57,3
1,0,0,2,25,58,3
0,0,1,3,23,38,3
0,0,0,1,28,71,5
1,0,0,7,23,63,3
1,0,0,4,4,29,2
1,0,0,6,11,25,3
1,0,0,7,27,58,5
1,0,0,5,27,56,3
0,0,0,3,9,68,3
1,0,0,7,27,70,5
1,0,0,5,26,35,4
0,0,1,1,14,58,4
0,1,0,1,15,53,3
1,0,0,6,9,49,2
1,0,0,6,21,53,4
0,1,0,2,9,39,3
1,0,0,5,13,64,4
1,0,0,5,25,66,4
0,0,0,3,24,51,3
1,0,0,7,21,43,3
1,0,0,6,20,62,5
0,1,0,2,15,81,3
1,0,0,7,15,72,4
1,0,0,5,16,65,2
0,1,0,2,1,35,1
0,0,0,1,27,72,4
0,1,0,3,3,81,1
1,0,0,6,26,70,2
1,0,0,1,1,82,2
0,0,0,4,25,38,4
0,0,0,1,19,79,3
0,0,0,2,9,57,4
1,0,0,5,28,74,5
1,0,0,7,18,52,4
1,0,0,5,14,71,3
0,0,0,6,15,46,3
0,0,0,4,13,78,3
0,0,0,1,11,76,5
0,0,0,3,5,60,1
0,0,0,3,21,57,5
0,0,1,6,11,42,3
1,0,0,6,3,69,2
1,0,0,6,28,46,5
1,0,0,6,25,51,4
1,0,0,4,1,58,3
1,0,0,5,24,32,5
1,0,0,6,9,79,2
1,0,0,7,25,59,2
0,0,1,2,2,20,3
1,0,0,7,15,54,3
1,0,0,7,12,57,3
0,1,0,1,1,34,2
1,0,0,7,20,59,3
1,0,0,7,17,46,3
1,0,1,7,4,77,1
0,0,1,1,1,50,3
0,1,0,1,7,32,2
1,0,0,6,24,56,4
0,0,0,1,11,68,2
0,0,0,1,15,55,3
0,0,0,1,24,62,3
1,0,0,6,1,26,5
0,0,0,1,8,45,3
1,0,0,5,20,60,5
1,0,0,4,26,18,1
1,0,0,6,15,64,3
0,0,0,3,12,25,3
0,1,0,1,13,78,1
0,1,0,1,27,72,5
0,0,0,1,24,54,3
1,0,0,6,16,63,3
1,0,0,5,27,72,5
1,0,0,6,22,37,5
0,0,1,4,17,32,1
0,0,0,1,16,68,3
0,0,0,1,18,31,5
1,0,0,1,20,60,4
0,0,0,2,1,38,3
1,0,0,7,1,63,2
0,0,0,2,12,58,2
1,0,0,7,24,32,3
1,0,0,5,17,36,5
1,0,0,5,28,39,5
0,0,0,1,28,82,5
0,1,0,1,2,29,3
1,0,0,7,5,41,5
0,0,0,3,25,56,4
0,0,0,3,17,39,5
1,0,0,5,11,70,4
1,0,0,7,21,19,2
0,0,0,2,3,21,3
0,0,0,1,7,37,2
0,0,0,2,22,25,5
0,0,0,2,14,68,3
1,0,0,7,17,83,2
0,0,0,2,23,53,3
0,0,1,1,23,25,4
0,0,0,4,13,62,2
0,0,0,6,27,20,2
0,0,0,3,18,56,5
0,0,0,2,13,49,3
1,0,0,7,23,55,3
1,0,0,7,26,49,4
0,1,0,1,12,27,3
0,0,0,1,11,23,3
0,0,0,3,17,45,3
0,1,0,2,15,32,3
0,0,0,1,26,58,5
0,0,0,2,20,31,5
1,0,0,6,11,22,3
0,0,1,2,21,18,2
1,0,0,7,12,56,3
0,0,0,3,7,42,4
1,0,0,4,1,67,3
0,0,0,3,3,63,4
0,1,0,2,11,29,4
1,0,0,6,25,73,5
1,0,0,7,26,43,4
0,0,0,3,11,45,4
1,0,0,4,17,48,5
0,0,0,2,27,49,4
0,0,0,1,5,89,2
1,0,0,6,21,59,3
1,0,0,7,1,23,3
1,0,0,7,12,88,1
1,0,0,4,3,61,2
0,0,0,1,9,31,3
1,0,0,7,3,22,1
0,0,0,1,25,27,4
1,0,0,6,23,32,3
1,0,0,4,5,47,3
1,0,0,4,25,24,4
0,1,0,1,16,74,3
0,0,0,6,17,78,5
1,0,0,4,24,76,2
0,1,0,6,27,66,4
1,0,0,7,25,52,4
0,0,0,1,15,67,5
1,0,0,7,11,71,4
0,0,1,4,7,35,1
1,0,0,7,11,68,2
0,0,1,4,5,66,2
0,1,0,1,6,19,1
0,1,0,2,3,52,3
1,0,0,7,24,78,5
1,0,0,7,12,59,2
0,0,1,1,25,47,4
0,0,0,1,20,66,4
0,0,0,1,19,32,4
1,0,0,5,21,69,4
0,1,0,1,26,41,5
1,0,0,7,24,39,3
1,0,0,7,28,52,4
1,0,0,5,7,53,3
0,0,0,2,13,86,1
1,0,0,6,12,24,4
0,1,0,1,17,62,5
1,0,0,5,22,73,4
0,0,0,2,28,20,3
0,0,1,2,12,30,3
1,0,0,6,14,27,4
0,0,0,2,16,26,4
1,0,0,5,21,48,3
0,0,0,1,23,48,4
1,1,0,2,21,68,5
1,0,0,7,23,29,4
0,0,0,3,18,84,4
0,0,0,1,28,66,5
1,0,0,4,16,71,3
1,0,0,6,23,56,4
0,0,0,1,27,58,4
0,0,1,2,20,34,1
0,0,0,5,27,43,5
0,0,0,1,17,57,3
1,0,0,4,23,61,3
0,0,0,4,21,62,2
1,0,0,7,13,49,3
0,0,0,2,2,26,3
0,0,0,6,28,31,5
0,1,0,1,2,27,3
1,0,0,5,12,73,2
0,0,0,1,4,57,1
0,0,0,1,11,78,4
1,0,0,7,19,38,5
0,0,0,3,20,55,4
1,0,0,7,19,53,3
1,0,0,5,22,40,3
1,0,0,4,25,67,5
1,0,0,7,20,41,3
0,0,0,2,14,27,3
0,0,0,6,24,53,3
0,0,0,6,5,30,3
0,1,0,1,7,61,2
1,0,0,7,23,66,2
1,0,0,7,17,35,4
0,0,1,4,24,26,4
1,0,0,6,24,70,4
0,0,1,7,1,27,2
0,0,1,1,21,80,4
1,0,0,4,26,39,4
0,0,0,4,28,66,5
1,0,0,2,17,29,3
0,0,0,3,25,33,4
1,0,0,6,27,60,4
0,0,0,3,5,25,5
1,0,0,7,26,59,4
0,0,0,1,3,22,4
1,0,0,6,3,50,3
0,0,0,1,14,51,4
0,0,0,1,11,63,3
1,0,0,7,14,75,3
1,0,0,6,27,68,3
0,0,0,1,25,56,4
1,0,0,7,23,48,4
0,0,0,4,17,65,4
0,0,0,1,14,56,4
0,0,0,1,17,70,1
0,0,1,4,24,61,4
1,0,0,4,24,71,4
1,0,0,7,23,33,5
1,0,1,7,4,69,3
0,1,0,3,26,62,5
1,0,0,7,17,62,3
1,0,0,3,13,64,3
0,0,0,1,25,54,3
0,0,0,2,17,60,5
0,1,0,1,15,37,5
0,0,0,1,27,22,3
1,0,0,4,22,53,2
0,0,0,6,23,75,4
0,0,0,7,21,73,3
0,1,0,2,27,58,5
1,0,0,7,25,53,4
0,0,0,1,19,28,5
0,0,1,1,13,72,5
1,0,0,6,23,27,3
0,0,0,1,24,36,5
0,1,0,1,5,83,3
1,0,0,7,28,78,5
0,0,0,4,21,66,5
1,0,0,7,14,68,4
0,0,1,3,8,29,2
1,0,0,7,23,50,3
0,0,0,1,5,39,5
0,0,0,1,23,22,2
1,0,0,7,25,35,2
1,0,0,7,23,56,4
0,0,0,1,19,60,4
0,0,0,1,3,70,3
0,0,0,2,14,31,3
1,0,0,4,1,56,5
0,1,0,2,9,56,3
0,0,0,3,1,20,2
0,0,0,1,21,72,5
1,0,0,5,24,61,3
0,0,0,2,25,48,5
0,0,1,1,11,27,1
1,0,0,5,16,81,2
0,0,0,2,21,60,3
1,0,0,7,10,74,2
0,0,1,4,14,64,3
1,0,0,7,14,45,3
1,0,0,7,18,81,4
0,0,0,2,12,71,3
1,0,0,4,9,66,2
1,0,0,7,27,56,2
1,0,0,2,7,77,1
1,0,0,7,15,33,4
1,0,0,6,22,30,5
1,0,0,6,15,50,3
0,1,0,1,17,37,3
1,1,0,6,19,70,4
0,0,0,3,10,42,4
1,0,0,7,7,80,4
0,0,0,3,2,30,1
0,0,0,1,3,50,4
0,1,0,4,12,55,3
0,0,0,2,27,70,4
0,0,0,1,28,74,5
0,1,0,1,17,69,5
1,0,0,5,7,82,3
1,0,0,7,15,70,5
1,0,0,4,21,25,3
0,0,0,6,21,39,4
0,0,0,3,14,25,4
1,0,0,2,12,42,3
0,1,0,1,2,76,2
1,0,0,7,14,56,2
0,0,0,4,23,63,5
1,0,0,7,15,87,2
1,0,0,5,20,45,4
0,0,0,3,26,34,4
1,0,0,2,11,65,2
1,0,0,7,21,40,3
0,0,0,3,22,55,5
1,0,0,5,27,62,5
0,0,0,2,22,60,4
1,0,0,5,20,49,2
0,1,0,4,2,42,2
0,1,0,1,23,37,4
1,0,0,6,18,54,4
1,0,0,5,9,70,3
0,0,0,4,28,20,3
1,0,0,7,27,48,4
1,0,0,7,11,58,3
0,0,0,3,24,32,4
1,0,0,6,22,28,4
0,0,0,1,1,78,5
0,0,0,2,26,63,5
0,0,0,1,4,54,3
0,0,0,1,12,58,2
0,0,0,2,26,81,2
1,0,0,7,26,59,3
1,0,0,7,15,60,3
0,1,0,1,23,41,5
1,0,1,7,27,34,4
1,0,0,7,21,72,5
0,0,0,3,23,58,4
0,0,0,1,15,54,4
1,0,0,4,24,63,3
1,0,0,7,25,64,4
0,0,0,1,24,56,3
1,0,0,7,2,51,3
0,0,0,2,13,63,3
0,0,0,1,22,39,5
0,0,0,1,16,53,4
0,1,0,1,1,63,4
1,0,0,6,22,55,5
1,0,0,6,24,55,1
1,0,0,1,5,68,1
0,0,0,6,1,88,3
1,0,1,7,12,76,4
1,0,0,6,11,44,3
0,0,0,3,19,39,3
0,0,0,3,19,47,3
0,0,0,1,17,67,3
0,0,0,3,3,19,2
1,0,0,4,22,51,3
0,0,1,1,1,46,2
1,0,0,7,3,57,2
0,0,0,1,9,61,4
0,0,0,2,27,56,3
1,0,0,7,7,37,2
0,0,0,3,26,55,5
1,0,0,6,27,32,5
1,0,0,4,25,54,3
1,0,0,7,18,61,3
0,1,0,1,2,31,3
0,0,0,1,12,28,4
0,0,0,1,28,53,5
0,1,0,1,2,53,3
1,0,0,7,14,35,2
0,1,0,1,6,31,2
0,0,0,2,12,35,2
1,0,0,7,28,28,2
0,0,0,3,9,42,3
0,0,0,2,21,52,3
0,1,0,1,21,63,3
1,0,0,7,26,56,3
1,0,0,6,21,58,3
0,0,0,1,26,58,5
0,0,0,6,26,22,4
0,0,0,3,21,23,4
0,0,0,1,28,45,5
1,0,0,5,25,49,3
1,0,1,4,28,44,5
0,0,1,1,10,59,4
0,0,0,1,0,54,4
0,0,0,3,18,76,5
1,0,0,7,1,42,5
0,1,0,1,2,55,3
1,0,0,3,22,55,3
1,0,0,5,21,47,3
0,0,0,3,10,71,3
1,0,0,7,12,55,3
1,0,0,7,18,40,2
0,0,0,6,14,45,5
0,0,0,2,19,62,3
0,0,0,4,28,45,4
0,1,0,1,14,28,5
1,0,0,7,27,55,5
0,0,0,1,19,38,2
0,0,0,2,15,48,4
0,0,0,1,11,59,5
0,0,0,1,15,30,1
1,0,1,4,20,61,3
1,0,0,6,12,51,4
0,1,0,2,13,25,4
0,0,1,1,11,66,5
0,0,0,1,12,26,4
1,0,0,6,15,65,2
0,0,0,3,25,66,5
1,0,0,7,17,68,2
0,0,0,3,8,71,5
0,0,0,3,9,20,1
0,0,0,1,0,51,5
1,0,0,3,19,68,2
1,0,0,7,13,26,4
0,0,0,1,27,27,4
1,0,0,2,1,54,2
1,0,0,7,15,49,3
0,0,0,3,10,73,5
1,0,0,6,18,41,3
1,0,0,6,17,58,3
0,0,0,1,23,32,5
0,0,1,3,13,41,3
0,0,0,2,25,28,5
0,0,0,5,27,59,4
0,0,1,1,1,21,3
1,0,0,7,17,36,3
1,0,0,6,22,21,2
0,0,1,1,24,64,4
1,0,0,7,21,61,5
0,1,0,5,5,74,1
1,0,0,1,1,36,3
0,0,1,3,1,46,3
1,0,0,7,17,29,3
0,0,0,1,5,61,3
0,0,0,6,23,49,5
1,0,0,4,5,58,2
0,0,1,1,17,65,2
1,0,0,5,9,72,3
0,0,0,2,27,68,5
0,0,0,3,5,71,5
1,0,0,5,14,51,3
1,0,0,2,2,58,3
1,0,0,7,13,66,2
0,0,0,3,15,62,3
0,1,0,2,12,33,3
1,0,0,4,16,39,5
0,0,0,5,2,20,4
1,0,0,5,11,60,3
1,0,0,7,15,48,3
0,0,0,2,11,30,5
0,0,0,1,14,35,5
1,0,0,7,11,62,2
0,0,0,2,26,49,4
1,0,0,6,1,57,2
0,0,0,1,1,21,2
1,0,0,6,9,23,2
1,0,0,4,15,42,3
0,0,0,1,2,35,1
0,0,1,2,26,40,3
1,0,0,7,1,59,4
0,0,0,3,7,38,1
1,0,0,6,21,26,4
0,1,0,4,1,32,1
0,0,0,2,14,30,3
1,0,0,4,14,70,3
0,0,0,1,26,47,4
1,1,0,5,1,18,1
1,1,0,7,1,55,3
1,0,0,6,23,37,5
1,0,0,7,22,76,3
1,0,0,6,21,62,3
0,0,0,4,28,55,5
0,0,0,2,18,28,3
1,0,0,7,9,70,4
0,0,0,2,26,43,5
0,0,0,1,26,52,5
0,0,1,4,4,18,1
0,0,0,1,23,66,5
1,0,0,7,20,33,4
0,0,0,2,26,51,4
0,0,0,1,23,31,4
1,0,0,7,20,77,3
1,0,0,6,25,46,3
1,0,0,7,11,61,2
0,1,0,1,24,66,4
0,0,0,1,15,64,4
0,0,0,1,12,63,3
1,0,0,2,21,55,3
0,0,0,2,25,45,5
0,0,0,1,9,59,4
0,1,0,3,9,42,3
1,0,0,4,5,47,2
0,0,0,1,17,63,2
0,0,0,1,7,57,3
0,0,1,1,14,76,1
1,0,0,7,17,63,3
1,0,0,6,21,29,4
1,0,0,7,9,75,3
0,0,0,2,11,29,4
1,0,0,7,17,35,2
0,0,0,2,16,62,3
0,0,0,1,27,43,3
1,0,0,7,25,72,3
1,0,0,6,25,36,3
0,0,0,3,12,89,4
0,0,1,5,26,24,5
0,0,0,5,18,48,3
0,1,0,2,15,44,4
0,0,0,3,8,23,4
1,0,0,6,25,48,4
0,0,0,3,27,58,5
1,0,0,7,4,62,3
1,0,0,7,26,76,4
1,0,0,7,2,67,1
1,0,0,5,24,70,3
0,0,0,3,22,33,4
1,0,0,6,20,27,4
0,0,0,1,12,67,3
0,0,0,1,25,65,4
1,0,0,7,24,39,3
1,0,0,4,21,57,4
1,0,0,4,1,46,3
0,0,0,3,26,63,5
1,0,0,7,26,77,5
0,1,0,2,6,19,3
0,1,0,7,17,36,4
0,0,0,1,13,56,5
0,0,0,2,3,43,3
0,1,0,2,17,58,4
1,0,0,7,15,57,3
1,0,0,7,26,53,4
0,0,1,6,24,75,5
0,0,0,1,28,79,5
0,0,0,2,21,59,5
0,0,0,1,9,32,3
0,0,1,1,11,42,3
1,0,0,7,19,58,5
0,1,0,1,22,31,4
1,0,1,6,25,41,5
0,0,0,5,17,54,5
0,0,0,1,27,64,2
0,0,0,1,25,52,3
0,0,0,3,14,32,4
1,0,0,7,23,68,3
0,0,0,1,12,46,3
1,0,0,7,25,58,1
0,0,1,2,21,40,3
1,0,0,4,1,81,1
0,0,0,1,22,34,5
1,0,0,7,28,37,5
0,0,0,1,11,51,3
0,0,0,2,22,50,4
1,0,0,4,23,37,4
1,0,0,7,19,55,3
1,0,0,1,2,55,2
1,0,0,5,15,62,3
0,0,0,2,11,53,3
1,0,0,7,23,53,2
0,1,0,1,25,51,5
0,0,1,1,3,60,1
0,0,0,4,6,68,1
0,0,0,3,15,31,5
1,0,0,6,25,32,3
0,0,0,3,28,76,5
0,0,0,2,27,51,5
1,0,0,7,15,59,4
0,0,1,2,21,38,2
0,0,0,1,7,75,2
0,1,0,3,2,27,3
0,0,1,4,21,42,5
1,0,0,6,13,64,4
0,0,0,1,4,49,3
0,0,0,1,21,78,2
0,0,0,1,20,67,4
1,0,0,7,25,52,4
1,0,0,6,15,24,3
0,0,1,1,28,78,4
1,0,0,7,24,58,3
0,0,0,1,5,88,2
0,1,0,1,17,73,3
0,0,0,3,12,34,5
0,0,0,4,9,72,3
1,0,0,7,13,35,3
0,0,0,1,27,47,4
0,0,0,1,26,68,4
1,0,0,7,22,43,4
1,0,0,2,2,60,3
1,0,0,7,3,40,4
0,0,0,1,28,60,5
1,0,0,5,15,32,4
1,0,0,5,26,43,4
1,0,0,5,2,63,3
1,0,0,4,7,56,4
1,0,0,2,24,66,3
0,0,0,1,20,80,3
0,0,0,3,11,56,3
1,0,0,6,15,58,3
1,0,0,6,2,62,1
1,0,0,7,24,61,3
0,0,0,1,26,74,5
0,0,0,4,12,73,3
0,0,0,4,1,39,2
1,0,1,2,24,34,1
0,0,0,2,20,53,1
0,0,0,1,20,76,2
1,0,0,6,20,35,4
1,0,0,4,11,67,5
1,0,0,7,27,62,4
1,0,0,4,5,60,2
0,1,0,1,12,59,1
1,0,0,5,16,47,4
1,0,0,6,27,76,5
1,0,0,2,27,51,3
1,0,0,7,27,63,3
0,0,0,3,23,61,4
0,0,1,2,2,31,3
1,0,0,7,17,39,4
0,0,1,2,3,52,3
0,0,0,4,22,57,5
1,0,0,7,13,79,4
1,0,0,7,17,80,3
1,0,0,5,28,70,5
0,1,0,2,13,62,2
1,0,0,7,23,77,4
1,0,0,5,11,77,2
1,0,0,6,23,32,4
0,0,0,1,22,43,4
1,0,0,5,12,82,5
0,0,1,1,1,49,1
1,0,1,1,1,48,4
0,1,0,1,24,27,3
0,0,0,1,17,45,4
0,0,0,1,13,60,4
0,1,0,6,11,47,2
0,0,1,2,9,26,3
0,1,0,1,17,57,3
0,0,0,3,27,37,5
0,0,0,6,21,66,2
0,0,0,6,17,65,2
1,0,0,4,19,59,2
0,0,0,4,11,69,2
1,0,0,2,14,69,3
0,0,1,2,7,26,3
0,0,1,2,7,19,3
0,0,0,3,27,56,5
0,0,1,1,15,32,2
1,0,0,7,26,61,5
0,0,0,1,1,68,5
0,1,0,2,6,26,3
1,0,0,7,21,46,3
1,0,0,4,1,47,3
1,0,0,6,15,40,3
1,0,0,7,28,37,5
0,0,1,1,18,58,1
0,0,0,3,13,54,4
0,0,0,2,18,39,2
1,0,0,7,18,43,5
0,0,1,1,5,20,2
0,0,0,1,9,26,4
0,0,0,1,7,59,2
0,0,0,1,28,65,5
1,0,0,7,19,57,2
0,0,0,1,17,24,3
1,0,1,6,6,30,3
1,1,0,2,9,58,3
1,0,0,6,10,78,3
0,0,0,1,24,72,4
0,0,0,6,14,55,2
0,0,0,2,26,47,4
0,0,0,3,16,41,5
0,1,0,2,11,39,2
1,0,0,3,1,19,3
0,1,0,7,9,59,3
1,0,0,6,19,48,4
1,0,0,7,17,80,2
1,0,0,7,13,71,1
0,0,0,3,20,53,3
0,1,0,1,12,30,3
1,0,0,5,24,72,5
1,0,0,6,7,68,3
1,0,0,5,17,55,2
0,0,0,6,21,43,4
1,0,0,7,11,31,3
1,0,0,3,24,54,4
1,0,0,7,7,22,2
0,0,0,1,27,65,4
0,0,0,1,19,28,4
0,1,0,7,3,21,3
1,0,0,7,19,63,3
1,0,0,7,14,66,2
0,1,0,2,16,42,2
0,0,0,1,11,19,2
0,0,0,3,27,34,4
1,0,0,6,7,27,3
0,0,0,3,5,23,4
1,0,0,7,27,49,3
0,0,0,1,23,33,5
0,0,0,2,22,58,3
1,0,0,4,19,59,3
0,0,0,4,20,44,5
0,1,0,1,14,65,4
1,0,0,7,14,56,2
1,0,0,7,21,67,5
0,1,0,1,15,58,4
0,1,0,1,5,37,1
1,0,0,7,18,27,3
0,0,0,3,11,30,3
0,0,0,1,20,78,5
0,0,0,1,14,26,4
0,0,0,3,19,70,5
0,0,0,3,1,63,3
1,0,0,7,1,67,3
1,0,0,4,24,38,5
0,0,0,4,26,59,4
0,0,0,4,13,86,1
1,0,0,7,23,45,3
0,1,0,1,2,63,3
1,0,0,2,15,73,3
0,0,0,4,13,55,1
1,0,0,2,1,47,3
1,0,0,6,20,69,4
0,1,0,1,3,41,3
0,1,0,1,3,67,3
1,0,0,7,19,54,4
1,0,0,7,23,52,2
0,1,0,2,1,50,3
1,0,0,5,14,56,5
0,0,0,1,23,70,5
0,1,0,1,6,46,2
1,0,0,7,18,34,3
1,0,0,7,12,73,4
0,0,0,1,25,60,4
1,0,0,7,15,58,2
0,0,1,1,13,29,2
1,0,0,6,19,31,3
1,0,0,5,22,44,4
1,0,0,5,21,61,3
1,0,0,7,22,58,2
0,0,0,6,19,40,4
1,0,0,2,19,61,3
0,0,0,2,24,56,5
0,0,0,2,26,18,3
0,0,0,3,21,26,3
0,0,0,3,7,59,4
0,0,0,1,6,59,2
0,0,0,1,12,38,3
1,1,0,6,1,32,3
1,0,0,7,19,45,3
0,0,0,1,28,20,3
1,0,0,7,28,46,5
0,0,1,2,23,58,2
1,0,0,7,26,73,3
1,0,0,5,22,39,4
1,0,0,5,12,40,3
0,0,0,1,16,67,2
0,1,0,2,1,23,2
0,1,0,2,8,27,3
0,0,0,1,23,55,5
0,1,0,1,20,54,3
0,1,0,1,15,36,3
0,0,0,1,1,65,3
0,0,0,1,21,66,4
0,0,0,1,24,45,5
1,0,0,6,15,77,2
1,0,0,6,11,50,4
0,0,0,4,11,28,1
0,0,0,3,17,49,3
1,0,0,7,23,70,2
0,0,1,1,4,33,3
0,0,0,3,17,24,4
0,0,0,3,24,37,4
0,0,0,2,27,50,2
0,0,0,3,17,41,3
0,0,1,1,12,76,1
0,1,0,2,15,26,5
0,0,0,1,17,44,4
0,0,0,1,12,71,2
0,0,0,1,24,37,5
1,0,0,7,17,54,3
0,0,0,2,25,58,3
1,0,0,4,24,40,4
1,0,0,4,18,43,3
1,0,0,7,6,72,3
1,0,0,4,26,42,5
0,0,0,4,23,45,3
1,0,0,7,11,68,4
0,0,1,2,11,43,2
1,0,0,5,14,35,3
1,0,1,4,1,20,3
1,0,0,2,20,48,3
1,0,0,5,14,40,3
1,0,0,5,20,64,3
0,0,0,2,16,66,5
1,0,0,5,1,28,3
0,0,0,4,14,30,4
1,0,0,7,5,56,3
0,0,0,5,24,43,5
0,0,0,2,16,66,2
0,0,1,1,10,79,3
0,0,0,1,25,81,5
0,0,0,6,27,58,5
0,0,0,1,15,59,1
0,0,0,1,12,67,3
0,0,1,6,21,67,3
0,0,0,1,23,70,5
0,0,0,1,9,20,3
0,0,0,2,7,26,3
1,0,0,7,11,60,4
0,0,0,1,14,43,2
1,0,0,7,25,61,4
1,0,0,7,15,46,4
0,0,1,3,17,40,3
0,0,0,1,11,63,3
0,0,0,1,0,61,4
0,0,0,1,9,35,3
1,0,0,4,9,19,1
0,0,0,1,14,47,3
0,0,0,1,26,51,5
1,0,0,6,7,27,3
0,0,0,2,15,29,4
0,0,0,3,27,31,3
0,0,1,1,11,18,1
0,1,0,4,27,60,3
1,0,0,6,9,34,2
1,0,0,4,17,61,3
1,0,0,7,15,80,2
0,0,0,3,7,22,3
1,0,0,7,21,75,4
0,1,0,1,7,52,3
0,1,0,1,13,22,2
1,0,0,5,15,39,5
0,0,0,3,16,58,5
1,0,0,6,27,39,1
1,0,0,7,23,57,3
0,0,0,3,25,35,5
1,0,0,5,26,49,5
1,0,1,7,1,38,1
0,1,0,1,2,63,4
1,0,0,5,25,57,3
0,0,0,1,18,26,3
0,0,0,4,19,70,4
1,0,0,5,9,33,3
1,0,0,7,10,84,1
0,0,0,2,12,24,4
0,0,0,3,14,33,2
0,0,0,3,24,60,3
1,0,0,5,1,81,5
0,0,0,3,12,27,3
1,0,0,4,11,41,3
0,1,0,1,11,47,3
0,0,0,1,19,73,5
0,1,0,1,17,28,5
1,0,0,7,25,73,1
0,0,0,2,20,43,4
0,0,0,2,4,29,5
1,0,0,6,25,29,4
0,0,0,1,11,72,4
1,0,0,5,11,74,4
1,0,0,7,7,22,3
0,1,0,3,25,62,3
0,0,0,2,1,79,3
0,1,0,2,22,58,5
0,0,0,2,3,59,4
1,0,0,6,11,39,3
1,0,0,7,13,47,4
0,0,0,2,22,56,3
0,0,0,2,8,24,2
0,0,0,1,24,69,5
0,0,0,5,24,57,3
1,0,0,6,21,72,5
1,0,0,7,23,29,3
0,0,0,1,23,39,5
0,0,1,1,2,35,1
1,0,0,5,13,64,2
0,0,0,1,14,60,3
1,0,1,7,14,24,3
0,0,0,1,1,58,2
0,0,0,2,25,35,4
1,0,1,5,1,68,1
0,1,0,1,17,32,4
0,0,0,1,26,34,5
0,0,0,3,11,65,3
1,0,0,5,22,35,4
1,0,0,7,14,41,2
1,0,0,7,15,60,3
0,0,0,1,16,57,3
0,0,0,2,19,60,5
1,0,0,5,15,51,3
1,0,0,5,7,61,3
0,0,0,3,20,65,3
1,0,0,6,25,66,4
0,0,0,6,17,40,5
0,0,0,1,5,40,2
1,0,0,6,17,24,2
1,0,0,7,6,43,3
1,0,0,5,17,73,3
0,1,0,1,24,55,3
1,0,0,5,15,32,3
1,0,0,7,25,55,3
1,0,0,5,3,69,3
1,0,0,4,11,45,3
0,0,0,1,12,53,5
0,0,0,6,21,55,4
1,0,0,4,19,32,2
1,0,0,7,7,71,5
1,0,0,2,11,30,2
1,0,0,7,15,86,3
1,0,0,5,3,70,3
1,0,0,7,27,43,3
0,0,0,1,28,54,4
0,1,0,1,1,47,2
1,0,0,7,1,51,5
0,0,1,2,0,24,2
0,0,0,4,13,58,5
1,0,0,6,11,79,1
1,0,0,7,25,47,4
0,0,1,4,23,22,3
0,0,0,2,13,32,4
0,0,0,2,12,37,3
0,0,0,1,17,38,4
1,0,0,7,22,38,2
0,0,0,1,7,23,2
0,0,0,1,14,32,3
0,0,1,1,1,74,1
0,0,0,1,18,53,3
1,0,0,5,23,67,3
0,0,0,1,15,28,5
0,0,0,2,15,43,4
1,0,0,4,12,28,3
0,0,0,2,11,21,3
0,0,0,3,27,59,5
1,0,0,6,20,49,3
1,0,0,7,7,20,2
0,1,0,1,1,47,3
0,1,0,1,2,45,3
1,0,0,7,12,85,2
1,0,0,5,26,51,5
0,0,0,1,23,32,3
0,0,0,1,24,68,3
0,0,0,3,11,43,4
0,0,0,3,26,31,5
1,0,0,6,10,35,3
0,0,0,1,18,30,4
0,0,0,2,23,45,5
1,0,0,6,22,80,3
1,0,0,3,10,44,3
1,0,0,7,13,39,3
1,0,0,7,21,56,1
1,0,0,5,6,23,3
1,0,0,7,7,59,2
1,0,0,3,21,25,2
0,0,0,1,14,54,2
1,0,0,6,28,52,5
1,0,0,5,1,45,3
1,0,0,5,15,59,3
1,0,0,5,11,78,5
0,1,0,2,14,30,5
1,0,0,2,26,58,3
1,0,0,7,4,61,2
0,0,0,3,12,51,3
0,0,0,2,11,22,3
1,0,0,7,15,33,4
1,0,0,5,21,27,2
0,0,0,3,23,64,4
0,1,0,1,1,59,3
1,0,0,6,24,55,4
1,0,0,6,8,42,3
1,0,0,4,11,72,2
1,0,1,6,25,37,3
0,0,0,4,6,29,3
1,0,0,5,9,32,3
0,1,0,1,13,41,2
1,0,0,7,20,65,1
1,0,0,6,21,77,4
1,0,0,7,22,67,4
0,0,0,2,24,54,5
0,0,0,1,12,39,2
1,0,0,5,24,20,3
0,0,1,1,22,41,2
0,1,0,2,25,36,4
1,0,0,2,13,60,3
1,0,0,5,26,60,2
1,0,0,7,7,33,4
0,0,0,1,24,56,2
0,1,0,1,1,46,4
1,0,0,5,7,67,3
1,0,0,5,27,22,2
1,0,0,6,13,30,4
1,0,0,7,15,63,4
0,0,0,2,9,68,2
1,0,0,7,24,75,3
0,0,0,1,27,41,5
1,0,0,3,20,39,4
1,0,0,7,20,64,5
0,0,0,1,17,36,3
0,0,1,1,11,63,4
0,0,0,1,27,67,5
1,0,0,6,20,61,4
1,0,0,6,23,54,3
1,0,0,7,23,64,3
0,0,0,3,20,32,4
1,0,0,7,23,69,4
1,0,0,5,8,53,3
1,0,0,7,25,75,2
0,0,0,1,20,59,4
0,0,0,6,16,68,1
0,0,0,1,25,35,5
0,0,0,1,15,24,1
1,0,0,7,15,72,3
1,0,0,5,14,47,3
0,0,0,6,25,69,4
0,0,0,2,2,39,3
1,0,0,6,24,51,4
1,0,0,7,18,45,3
0,0,0,1,13,52,4
0,0,0,2,8,61,4
0,0,0,3,16,74,5
1,0,0,7,1,67,4
0,0,0,6,24,64,5
0,0,0,4,11,69,3
0,1,0,1,4,53,3
1,0,0,6,10,74,4
1,0,0,7,13,65,2
0,0,0,1,15,47,5
0,1,0,1,17,34,5
1,0,0,7,14,44,2
0,0,1,2,17,37,4
1,0,0,6,21,33,3
1,0,0,7,2,67,2
0,0,0,2,26,49,5
1,0,0,7,14,48,4
1,0,0,6,3,67,3
1,0,0,7,25,55,3
1,0,0,5,19,35,1
0,1,0,1,2,61,2
0,0,1,1,15,43,3
1,0,1,7,1,23,1
1,0,0,6,19,58,3
0,0,0,1,13,59,3
1,0,0,7,3,65,3
0,0,0,1,17,82,4
1,0,0,7,21,36,4
0,0,0,2,25,38,5
1,0,0,5,19,54,2
0,0,1,1,12,26,3
1,0,0,7,15,34,3
0,0,0,1,23,49,4
0,0,0,7,5,42,4
1,0,0,1,6,52,2
0,0,0,2,16,21,3
0,0,0,1,21,37,4
0,1,0,1,1,39,3
0,0,0,6,21,52,4
